{
  "accuracy": 0.5812236286919831,
  "precision_macro": 0.609927284648901,
  "recall_macro": 0.41527714307169133,
  "f1_macro": 0.40028722415190326,
  "auc_ovr": 0.7466378962517789
}