{
  "0.0": {
    "accuracy": 0.5812236286919831,
    "f1_macro": 0.40028722415190326
  },
  "0.05": {
    "accuracy": 0.5643459915611815,
    "f1_macro": 0.3205801889141101
  },
  "0.1": {
    "accuracy": 0.5580168776371308,
    "f1_macro": 0.30158958010602516
  },
  "0.15": {
    "accuracy": 0.5537974683544303,
    "f1_macro": 0.28886447786116215
  }
}